"Terme","Definition","Image_URL"
"-mère","suffixe employé à la suite d’un nombre pour
désigner le nombre (ou un multiple de ce nombre) de sépales et de pétales
ou de tépales (ex. une fleur dite 4-mère, pourra avoir 4 sépales, 4
pétales ou 8 sépales, 4 pétales ou une autre combinaison multiple de 4).",NA
"accrescent","se dit d’un organe floral continuant à croître
après la floraison",NA
"aciculaire","se dit d’une feuille linéaire, rigide et à
sommet aigu (si sommet piquant, on parle alors d’« aiguilles »).","https://aidealareussite.uclouvain.be/pluginfile.php/14796/mod_glossary/entry/453/aciculaire.jpg"
"acidiphile","se dit d’une plante croissant
préférentiellement sur un substrat acide.",NA
"acuminé","organe terminé par une pointe étroite et
progressivement effilée","https://aidealareussite.uclouvain.be/pluginfile.php/14796/mod_glossary/entry/454/Acumine%20%282%29.jpg"
"adventice","se dit d’une plante étrangère à la flore
indigène et introduite involontairement; dans le domaine agronomique, ce terme prend
le sens péjoratif d’indésirable (syn. « mauvaises herbes ») .",NA
"adventive","se dit d’une racine se formant postérieurement
à la germination de la graine, sur une partie quelconque de la
plante (ex. sur
la tige ou plus rarement, à l’aisselle des feuilles).",NA
"aigrette","ensemble de poils ou de soies surmontant un
fruit ou une graine","https://aidealareussite.uclouvain.be/pluginfile.php/14796/mod_glossary/entry/457/aigrette.jpg"
"aiguille","feuille
aciculaire à sommet piquant",NA
"aiguillon","expansion piquante de l’épiderme ou de l’écorce
d’une tige, se détachant aisément en laissant une cicatrice
superficielle. Par extension, petites pointes piquantes portées par des organes tels que les fruits","https://aidealareussite.uclouvain.be/pluginfile.php/14796/mod_glossary/entry/459/Aiguillon%20%282%29.jpg"
"aile","(i) expansion membraneuse, plus ou moins large
de divers organes (tige, fruit, graine) ; (ii) pétales latéraux
de la fleur des Fabacées ; (iii) sépales latéraux de la fleur des
Polygalacées.","https://aidealareussite.uclouvain.be/pluginfile.php/14796/mod_glossary/entry/460/Aile.jpg"
"akène","fruit sec indéhiscent, à une seule graine, non soudé
à la paroi du fruit","https://aidealareussite.uclouvain.be/pluginfile.php/14796/mod_glossary/entry/461/ak%C3%A8ne.jpg"
"alène","se dit d’une disposition de feuilles linéaires,
rigides, arquées et effilées à l’extrémité","https://aidealareussite.uclouvain.be/pluginfile.php/14796/mod_glossary/entry/462/al%C3%A8ne%20%281%29.jpg"
"alternes","se
dit d’organes insérés isolément sur un axe, à des niveaux différents (ex. feuilles alternes, ant. opposés).","https://aidealareussite.uclouvain.be/pluginfile.php/14796/mod_glossary/entry/463/Alterne.jpg"
"amplexicaule","se dit d’une feuille ou d’une bractée sessile
dont la base élargie embrasse la tige ou le rameau.",NA
"androcée","(un) - ensemble des étamines d’une fleur.",NA
"anguleuse","se dit d’un organe présentant des angles, en
opposition à ceux cylindriques (ex. tige anguleuse, lorsqu’on
fait rouler la tige entre ses doigts, on sent des arêtes, ant. cylindrique).",NA
"anguleux","se dit d’un organe présentant des angles, en
opposition à ceux cylindriques (ex. tige anguleuse, lorsqu’on
fait rouler la tige entre ses doigts, on sent des arêtes, ant. cylindrique).",NA
"annuel","se dit d’un végétal dont le cycle vital, de la
germination à la dispersion des graines, se déroule au cours d’une même
année, parfois en quelques semaines. Le système racinaire d’une
plante annuelle est généralement  plus grêle que celui d’une plante vivace qui
sera généralement robuste.",NA
"anthère","(une) - partie apicale de l’étamine, constituée généralement par deux thèques (unies par le connectif) renfermant les sacs
polliniques, contenant les grains de pollen.","https://aidealareussite.uclouvain.be/pluginfile.php/14796/mod_glossary/entry/469/Anthere.jpg"
"anthèse","moment correspondant à l’ouverture des boutons
floraux ; par extension, à l’ouverture de la fleur.",NA
"antiligule","(une) - petit appendice membraneux prolongeant la gaine
foliaire et opposé à la ligule, présent chez les Poacées
et Cypéracées.",NA
"apex","(un) - sommet d’une tige ou d’une racine.",NA
"apical","situé
au sommet d’un organe.",NA
"apiculé","se dit d’un organe dont le sommet se rétrécit
brusquement en une pointe courte et peu aigüe.","https://aidealareussite.uclouvain.be/pluginfile.php/14796/mod_glossary/entry/474/Apicule.jpg"
"apomictique","se dit d’une espèce ayant comme mode de
reproduction l’apomixie.",NA
"apomixie","(une) - mode de reproduction asexué caractérisé par la
formation de graines sans qu’il y ait eu fécondation
(mitoses de certaines cellules du sac embryonnaire), les espèces sont dites
alors « apomictiques ».",NA
"apprimé","se dit d’un organe appliqué contre un autre
mais non soudé à celui-ci (ex.
poils apprimés).",NA
"aquatique","se dit d’une plante dont la plus grande partie
des organes végétatifs sont soit submergés soit étalés à la surface de
l’eau.",NA
"arête","(une) - (i) longue pointe étroite et raide, prolongeant
ou terminant un organe, (ii) angle saillant formé par deux
faces contigües d’un organe.","https://aidealareussite.uclouvain.be/pluginfile.php/14796/mod_glossary/entry/479/Arete.jpg"
"aristé","terminé
par une arête.",NA
"aromatique","se dit d’une plante ou d’un organe contenant
des composés volatiles qui lui confèrent une odeur agréable.",NA
"arqué","se dit d’un organe ou d’une portion d’organe
courbée à la manière d’un arc (ex. sur une feuille, nervures arquées).","https://aidealareussite.uclouvain.be/pluginfile.php/14796/mod_glossary/entry/482/Arque.jpg"
"article","(un) - portion d’organe comprise entre deux
articulations, entre deux rétrécissements ou, éventuellement, entre deux
parois.","https://aidealareussite.uclouvain.be/pluginfile.php/14796/mod_glossary/entry/483/Article.jpg"
"articulé","se
dit d’un organe formé d’articles (ex. fruits
articulés)",NA
"ascendant","se dit d’un organe, généralement une tige ou un rameau, couché
à la base et redressé plus haut à la verticale.",NA
"asymétrique","se dit d’un organe qui ne présente pas d’axe de
sym. (ex. feuille asymétrique).",NA
"auriculé","se dit d’une feuille pourvue d’oreillettes ou
de deux lobes à la base.","https://aidealareussite.uclouvain.be/pluginfile.php/14796/mod_glossary/entry/487/auricul%C3%A9.jpg"
"baie","(une)- fruit charnu indéhiscent, à une ou plus généralement plusieurs graines libres (« pépins »).",NA
"basilaire","se dit d’un organe attaché à la base de la
plante ou à la base d’un autre organe (ex. feuilles basilaires).","https://aidealareussite.uclouvain.be/pluginfile.php/14796/mod_glossary/entry/489/Basilaire.jpg"
"bec","(un) - pointe terminale d’un fruit. Chez les Astéracées,
partie filiforme qui surmonte l’akène et porte l’aigrette.",NA
"bifide","se dit d’un organe fendu en deux parties (ex. stigmate bifide).",NA
"bilatéral","se
dit d’un organe ne possédant qu’un seul axe de symétrie.","https://aidealareussite.uclouvain.be/pluginfile.php/14796/mod_glossary/entry/492/bilat%C3%A9ral.gif"
"bipare","se dit d’une cyme où les pédicelles latéraux
(développés en dessous de l’axe principal terminé par une fleur) sont
opposés deux à deux.","https://aidealareussite.uclouvain.be/pluginfile.php/14796/mod_glossary/entry/493/bipare.gif"
"bisannuel","se dit d’un végétal dont le cycle vital, de la
germination à la dispersion des graines, nécessite deux années
consécutives séparées par un hiver. Une telle plante ne fleurit donc pas
au cours de la première année.",NA
"bisannuelle","se dit d’un végétal dont le cycle vital, de la germination à la dispersion des graines, nécessite deux années consécutives séparées par un hiver. Une telle plante ne fleurit donc pas au cours de la première année",NA
"boulaie","(une) - forêt
dominée par les bouleaux.",NA
"bractée","(une) - organe foliacé, généralement réduit (« mini-feuille »),
parfois écailleux, sous-tendant une fleur isolée, le pédoncule
d’une inflorescence ou le pédicelle d’une fleur faisant partie d’une
inflorescence.","https://aidealareussite.uclouvain.be/pluginfile.php/14796/mod_glossary/entry/497/Bractee.jpg"
"bractéole","(une) - petite bractée insérée sur un pédicelle.","https://aidealareussite.uclouvain.be/pluginfile.php/14796/mod_glossary/entry/498/Bracteole.jpg"
"bulbe","(un) -  tige modifiée, généralement souterraine et très
contractée, portant un ou plusieurs bourgeons enveloppés d’écailles ;
celles-ci sont soit épaisses et charnues (,
soit membraneuses et minces autour d’un axe tubérisé.",NA
"bulbille","(une)- bourgeon transformé en un petit bulbe se
détachant de la plante-mère et destiné à la multiplication
végétative ; elles peuvent se former à l’aisselle des feuilles, dans une
inflorescence à la place des fleurs, ou sur des organes souterrains.","https://aidealareussite.uclouvain.be/pluginfile.php/14796/mod_glossary/entry/500/Bulbille.jpg"
"caduc","se dit d’un organe qui se détache spontanément
soit peu après sa formation (ex. sépales caducs), soit suivant un rythme
annuel (ex. feuilles caduques).",NA
"caduque","se dit d’un organe qui se détache spontanément
soit peu après sa formation (ex. sépales caducs), soit suivant un rythme
annuel (ex. feuilles caduques).",NA
"calaminaire","se dit d’un site (généralement pelouse) sur sols riches
en métaux lourds (surtout plomb et zinc).",NA
"calcicole","se dit d’une plante croissant uniquement sur un
substrat riche en calcaire.",NA
"calice","(un) - verticille externe du périanthe, formé par les
sépales généralement verts qui peuvent être libres ou soudés.",NA
"calicule","(un) - (i) verticille de pièces sépaloïdes
(ressemblant à des sépales) situé à l’extérieur du calice; (ii) chez les
Astéracées, ensemble de bractées plus petites que celles de
l’involucre normal et extérieures à celui-ci (syn. préférable : involucelle).","https://aidealareussite.uclouvain.be/pluginfile.php/14796/mod_glossary/entry/506/Calicule.jpg"
"callosité","(une) -  petit renflement, généralement de consistance dure,
formé par certains organes.",NA
"campanulé","se dit d’un calice ou d’une corolle en forme de
cloche.","https://aidealareussite.uclouvain.be/pluginfile.php/14796/mod_glossary/entry/508/Campanule.jpg"
"canaliculé","se dit d’un organe creusé d’un petit sillon.",NA
"cannelé","se dit d’un tronc, d’une tige, d’un fruit
portant des côtes longitudinales parallèles, séparées par des sillons","https://aidealareussite.uclouvain.be/pluginfile.php/14796/mod_glossary/entry/510/Cannele.jpg"
"capitule","(un) -  inflorescence formée de fleurs sessiles ou
subsessiles, serrées les unes contre les autres au niveau du sommet
généralement élargi du pédoncule floral (réceptacle pourvu d’un involucre de
bractées), simulant parfois une fleur unique (ex. inflorescences des
Astéracées ou Dipsacacées).","https://aidealareussite.uclouvain.be/pluginfile.php/14796/mod_glossary/entry/511/Capitule.jpg"
"capsule","(une) -  fruit sec déhiscent, provenant de la soudure de
deux ou plusieurs carpelles, s’ouvrant par des fentes en deux ou
plusieurs valves, ou bien par des dents ou des pores, pour libérer
les graines.","https://aidealareussite.uclouvain.be/pluginfile.php/14796/mod_glossary/entry/512/Capsule.jpg"
"carène","(une) - (i) saillie de section triangulaire disposée
longitudinalement au dos de certains organes ; (ii) pièce de la
corolle des Fabacées, provenant de l’accolement, ou plus rarement de la
soudure, des deux pétales inférieurs.","https://aidealareussite.uclouvain.be/pluginfile.php/14796/mod_glossary/entry/513/Carene.jpg"
"carpelle","(un) -  chacun des éléments de base du gynécée ou
pistil ; un carpelle comporte typiquement un ovaire, un style et un
stigmate.","https://aidealareussite.uclouvain.be/pluginfile.php/14796/mod_glossary/entry/514/Carpelle.jpg"
"cartilagineuse","se dit d’un organe qui a la consistance d’un cartilage (ex. bordure cartilagineuse d’une feuille).",NA
"cartilagineux","se dit d’un organe qui a la consistance d’un
cartilage (ex. bordure cartilagineuse d’une feuille).",NA
"caryopse","(un) -  fruit sec, indéhiscent, propre aux Poacées,
dont la graine est soudée à la paroi interne du fruit.","https://aidealareussite.uclouvain.be/pluginfile.php/14796/mod_glossary/entry/517/Caryopse%20%281%29.jpg"
"casque","(un) -  pièce ou ensemble de pièces du périanthe
dressée(s) et recourbée(s) de telle façon qu’elle(s) rappelle(nt) la
forme d’un casque militaire.","https://aidealareussite.uclouvain.be/pluginfile.php/14796/mod_glossary/entry/518/Casque.jpg"
"caulinaire","se dit d’un organe inséré sur la tige (ex. feuilles caulinaires).",NA
"cespiteuse","se
dit d’un végétal qui forme une touffe compacte","https://aidealareussite.uclouvain.be/pluginfile.php/14796/mod_glossary/entry/520/Cespiteux.jpg"
"chaméphyte","(un) - forme biologique de plantes dont les tiges
aériennes portent des bourgeons persistant durant l’hiver,
situés à moins de 50cm de haut ; chaméphyte frutescent : petit
buisson à tiges lignifiées,plus ou moins dressées;
chaméphyte herbacé : organes aériens herbacés, souvent
plus ou moins appliqués contre le substrat.",NA
"charnu","se dit d’un organe dont le parenchyme gonflé
d’eau confère à celui-ci une épaisseur inhabituelle (environ 2 mm) et
une consistance à la fois ferme et tendre (ex. feuilles charnues, syn. succulent).",NA
"chaton","(un) -  inflorescence cylindrique, souvent pendante,
formée d’un axe allongé portant des fleurs unisexuées sessiles,
ou subsessiles, à l’aisselle de bractées ; les fleurs sont insérées
isolément (chaton simple) ou par petits groupes (chaton composé).","https://aidealareussite.uclouvain.be/pluginfile.php/14796/mod_glossary/entry/523/Chaton.jpg"
"chênaie","(une) - forêt dominée par des chênes.",NA
"cilié","se
dit d’un organe bordé de poils dressés (cils) disposés sur un rang.","https://aidealareussite.uclouvain.be/pluginfile.php/14796/mod_glossary/entry/525/Cilie.jpg"
"cladode","(un) - rameau modifié, aplati et vert au point de simuler une feuille dans son aspect et sa fonction",NA
"cloison","(une) - séparation correspondant à la soudure des
carpelles et délimitant, dans l’ovaire, puis le fruit, un certain nombre
de loges, contenant les ovules et puis les graines.",NA
"collet","(un) - zone
de jonction de la tige et de la racine.",NA
"composé","se dit d’un organe formé de plusieurs éléments
semblables :feuille composée = divisée en folioles, l’axe
(= rachis) se différencie et tous les segments du limbe sont des folioles; inflorescence composée = inflorescence
constituée d’inflorescences (ex. ombelles composées de beaucoup d’Apiacées).","https://aidealareussite.uclouvain.be/pluginfile.php/14796/mod_glossary/entry/529/Composee.jpg"
"concolore","se dit d’un organe de couleur uniforme sur les
2 faces.",NA
"cône","(un)-  organe, chez les Gymnospermes, formé d’un axe
sur lequel sont insérées de nombreuses écailles imbriquées
portant soit des sacs polliniques (cônes mâles), soit des ovules et à maturité
des graines (cônes femelles).",NA
"conniventes","se dit d’organes rapprochés par leurs bords
mais non soudés",NA
"connivents","se dit d’organes rapprochés par leurs bords
mais non soudés",NA
"corbeille","(une) - type de disposition des feuilles chez les
Ptéridophytes, partant d’une base et incurvées vers l’extérieur
(rappelant la forme d’une corbeille).",NA
"cordé","se dit d’un organe dont la base est échancrée
en forme de cœur.","https://aidealareussite.uclouvain.be/pluginfile.php/14796/mod_glossary/entry/535/Corde.jpg"
"coriace","se dit d’un organe résistant mais flexible dont
la structure rappelle celle du cuir.",NA
"corolle","(une) -  verticille interne du périanthe, formé par les
pétales, qui peuvent être libres ou soudés.",NA
"corymbe","(un) - inflorescence indéterminée dont les fleurs se
situent à peu près dans le même plan horizontal mais qui sont
portées par des pédicelles insérés à des niveaux différents et par
conséquent, de longueur inégale.","https://aidealareussite.uclouvain.be/pluginfile.php/14796/mod_glossary/entry/538/Corymbe.jpg"
"côte","(une) -  crête longitudinale obtuse portée par certains
organes tels les tiges, les fruits","https://aidealareussite.uclouvain.be/pluginfile.php/14796/mod_glossary/entry/539/Cote.jpg"
"couronne","(une) -  organe tubulaire formé par la soudure des
appendices internes des tépales dans le genre Narcissus, désigné par certains
auteurs sous le nom de « paracorolle ».","https://aidealareussite.uclouvain.be/pluginfile.php/14796/mod_glossary/entry/540/Couronne.jpg"
"crénelé","se dit d’organe bordé de dents larges, obtuses
ou arrondies.","https://aidealareussite.uclouvain.be/pluginfile.php/14796/mod_glossary/entry/541/Crenele.jpg"
"cultivar","(un) -  unité taxonomique subordonnée à l’espèce,
inconnue à l’état spontané, sélectionnée par l’homme et cultivée
par celui-ci parce qu’elle présente un intérêt agronomique ou horticole.",NA
"cunéé","se dit d’un organe dont la base a la forme d’un
coin ou d’un triangle renversé.","https://aidealareussite.uclouvain.be/pluginfile.php/14796/mod_glossary/entry/543/Cun%C3%A9e.jpg"
"cunéiforme","se dit d’organe de forme cunéée.",NA
"cupule","(une) -  organe en forme de petite coupe écailleuse ou
ligneuse enveloppant la base de certains fruits.","https://aidealareussite.uclouvain.be/pluginfile.php/14796/mod_glossary/entry/545/Cupule.jpg"
"cyathium","(un) -  inflorescence élémentaire chez le genre Euphorbia, comportant une fleur femelle réduite à un ovaire pédicellé
et plusieurs fleurs mâles réduites à une étamine, entourées de bractées soudées en une coupe pourvue, dans sa partie supérieure,
alternativement de dents et de glandes.","https://aidealareussite.uclouvain.be/pluginfile.php/14796/mod_glossary/entry/546/Cyathium.jpg"
"cyme","(une) - inflorescence dont le premier axe formé est
terminé par une fleur et a donc une croissance limitée, le
processus se répétant pour les rameaux latéraux ; une cyme peut être
unipare (chaque ramification donnant un axe secondaire unique) ou bipare
(chaque ramification donnant deux axes secondaires).","https://aidealareussite.uclouvain.be/pluginfile.php/14796/mod_glossary/entry/547/Cyme.jpg"
"cynorrhodon","(un) -  faux-fruit du genre Rosa formé par l’accroissement,
après la floraison, du réceptacle floral creusé en
forme d’outre et devenant charnu.",NA
"décombant","se dit d’un organe d’abord dressé et puis
retombant vers le sol.",NA
"décurrent","se dit d’un organe se prolongeant sous son
point d’insertion en se rétrécissant et en se soudant à l’organe
adjacent (ex. limbe
foliaire décurrent : le limbe se prolonge sur la tige).","https://aidealareussite.uclouvain.be/pluginfile.php/14796/mod_glossary/entry/550/Decurrent.jpg"
"décussées","se dit de feuilles opposées dont les paires
successives sont décalées de 90°","https://aidealareussite.uclouvain.be/pluginfile.php/14796/mod_glossary/entry/551/decussees.gif"
"déhiscent","se dit d’un fruit s’ouvrant spontanément à
maturité ; la capsule, la gousse, le follicule, la pyxide, la silique
et la silicule sont des fruits déhiscents (ant. indéhiscent).",NA
"denté","se dit d’un organe bordé d’échancrures
triangulaires relativement larges (dents aigües), l’organe peut être
doublement denté, lorsqu’il est bordé de dents qui sont elles-mêmes dentées.","https://aidealareussite.uclouvain.be/pluginfile.php/14796/mod_glossary/entry/553/Dente.jpg"
"denticulé","se dit d’un organe bordé de très petites dents
aigües.","https://aidealareussite.uclouvain.be/pluginfile.php/14796/mod_glossary/entry/554/Denticule.jpg"
"diakène","(un) - ensemble
de deux akènes",NA
"dichotomique","qualifie un mode de ramification par division
en deux parties d’égale importance, qui se subdivisent elles-mêmes
en deux parties égales, et ainsi de suite.",NA
"didyme","se dit d’un fruit formé de deux parties
globuleuses, saillantes et soudées entre elles.",NA
"didyname","se dit d’un androcée de 4 étamines dont 2 sont
plus longues que les 2 autres.",NA
"digité","se dit d’une inflorescence (épi) dont les
divisions sont disposées comme les doigts d’une main.","https://aidealareussite.uclouvain.be/pluginfile.php/14796/mod_glossary/entry/559/Digite.jpg"
"dimorphisme","(un) -  faculté de présenter deux formes différentes
chez une même espèce",NA
"dioïque","se dit d’une plante dont les fleurs mâles et
femelles sont portées par des individus différents",NA
"distal","se dit d’un organe éloigné, écarté de la base
ou de son lieu d’insertion (ant. proximal).",NA
"distiques","se dit d’organes disposés sur un axe commun,
placés sur deux rangs dans le même plan.",NA
"drageon","(un) -  tige prenant naissance sur une racine
souterraine.",NA
"drupe","(une) -  fruit charnu indéhiscent, à graine généralement unique
enfermée dans l’endocarpe sclérifié (le « noyau »).","https://aidealareussite.uclouvain.be/pluginfile.php/14796/mod_glossary/entry/565/drupe.gif"
"drupéole","(une) -  chacune des petites drupes agglomérées dont
l’ensemble forme un fruit composé",NA
"écaille","(une) - petit organe rudimentaire
(généralement feuille modifiée), mince, charnu ou lignifié (simples appendices, poils
ou feuilles transformées) accompagnant ou protégeant certains organes",NA
"échancré","se dit d’un organe peu profondément entaillé à
son sommet.","https://aidealareussite.uclouvain.be/pluginfile.php/14796/mod_glossary/entry/568/Echancre.jpg"
"elliptique","se dit d’un organe en forme d’ellipse, c-à-d
ayant sa plus grande largeur vers le milieu du grand axe.","https://aidealareussite.uclouvain.be/pluginfile.php/14796/mod_glossary/entry/569/Elliptique.jpg"
"émarginé","se dit d’un organe très légèrement échancré(e)
au sommet.","https://aidealareussite.uclouvain.be/pluginfile.php/14796/mod_glossary/entry/570/Emargine.jpg"
"embrassant","se dit d’une feuille dépourvue de pétiole et
dont la base du limbe entoure complètement l’axe sur lequel
elle est insérée (syn. amplexicaule).","https://aidealareussite.uclouvain.be/pluginfile.php/14796/mod_glossary/entry/571/Embrassant.jpg"
"engainant","se dit d’une feuille qui forme une gaine autour
d’un organe","https://aidealareussite.uclouvain.be/pluginfile.php/14796/mod_glossary/entry/572/Engainant.jpg"
"entier","se dit d’un organe dont le bord ne présente
absolument aucune découpure, si petite soit-elle.",NA
"entière","se dit d’un organe dont le bord ne présente absolument aucune découpure, si petite soit-elle.",NA
"entrenoeud","(un) - partie d’une tige ou d’un rameau comprise entre
deux nœuds successifs.",NA
"envahissante","se dit d’une espèce exotique qui étend sa
distribution et/ou sa densité de manière concurrentielle dans son aire
d’introduction",NA
"éperon","(un) - prolongement tubuleux ou conique d’une pièce du
périanthe (sépale ou pétale) formant un appendice fermé à
son extrémité et contenant souvent du nectar",NA
"épi","(un) - inflorescence où toutes les fleurs, sessiles ou
subsessiles, sont insérées sans pédicelle le long d’un axe allongé central
appelé rachis.","https://aidealareussite.uclouvain.be/pluginfile.php/14796/mod_glossary/entry/578/Epi.jpg"
"épichile","(un) -  partie distale du labelle de certaines espèces
d’Orchidacées, séparée de la partie basale (hypochile) par un
étranglement.",NA
"épillet","(un) - élément de base de l’épi des Poacées, constitué
d’un axe portant à sa base des bractées appelées glumes, et sur
lequel sont insérées une ou plusieurs fleurs protégées par des
bractées appelées glumelles.","https://aidealareussite.uclouvain.be/pluginfile.php/14796/mod_glossary/entry/580/Epillet.jpg"
"épine","(une) -  organe pointu et piquant, provenant de la
modification d’organes végétatifs (rameau, feuille, stipule),
indétachable de la tige ou du rameau, contrairement à l’aiguillon, facile à détacher.",NA
"épineux","se dit d’un organe tel que la feuille, la
bractée ou le fruit muni d’épines.",NA
"épiphyte","(un) -  se dit d’une plante verte, croissant sur un
autre végétal vivant, sans parasiter celui-ci.",NA
"érablière","(une) - forêt dominée par les érables.",NA
"érodé","se dit d’un organe bordé de petites échancrures
irrégulières comme s’il avait été rongé.","https://aidealareussite.uclouvain.be/pluginfile.php/14796/mod_glossary/entry/585/Erode.jpg"
"étalé","se dit d’un organe dressé perpendiculairement à
son support (ex. poils étalés).",NA
"étamine","(une) -  organe mâle de la fleur, constitué d’un filet
et d’une anthère contenant les grains de pollen (l’étamine est
alors « fertile », si l’anthère est absente, elle est qualifiée de « stérile »)
; l’ensemble des étamines forme l’androcée.","https://aidealareussite.uclouvain.be/pluginfile.php/14796/mod_glossary/entry/587/Etamine.jpg"
"étendard","(un) -  pétale supérieur médian, généralement plus grand que
les autres, de la corolle des fleurs de Fabacées, ayant la
forme d’une voile ouverte au vent.","https://aidealareussite.uclouvain.be/pluginfile.php/14796/mod_glossary/entry/588/Etendard.jpg"
"étoilé","se dit d’un organe divisé en segments
rayonnants comme les branches d’une étoile (ex. poils étoilés).",NA
"eutrophe","se dit d’un milieu très riche en éléments
minéraux utilisables par la végétation.",NA
"exondé","se dit d’un terrain émergé après inondation.",NA
"exotique","se dit d’une espèce introduite dans un nouveau
territoire (aire d’introduction) et donc hors de son aire de répartition
naturelle, de manière intentionnelle ou accidentelle par des
activités humaines (syn. non indigène, xénophyte ; ant. indigène, autochtone).",NA
"fasciculés","se dit d’organes semblables, d’égale grandeur
et réunis en faisceaux ou en touffes.",NA
"faux-épi","inflorescence en panicule très contractée et
allongée, ressemblant ainsi à un épi.",NA
"faux-fruit","organe composite généralement charnu formé par le
développement du réceptacle ou d’un autre organe
(ex. pédoncule floral, bractée pour l’ananas), en plus des carpelles
qui se développent en « vrais » fruits.",NA
"femelle","se
dit d’une fleur avec un gynécée mais dépourvue d’androcée fonctionnel.",NA
"filet","(un) -  partie inférieure de l’étamine, portant
l’anthère.","https://aidealareussite.uclouvain.be/pluginfile.php/14796/mod_glossary/entry/597/Filet.jpg"
"filiforme","se
dit d’un organe très long et fin comme un fil.",NA
"flexueuse","se dit d’un organe sinueux.",NA
"flexueux","se dit d’un organe sinueux.",NA
"florifère","se
dit d’un organe qui porte des fleurs (ex. tige
florifère).",NA
"foliacé","se dit d’un organe qui a l’apparence d’une
feuille (ex. bractée
foliacée).",NA
"foliole","(une) -  division du limbe d’une feuille composée ; la
foliole est constituée d’une portion de limbe identique, elle est
toujours portée par un pétiole, parfois très court (du latin foliolum, signifiant « petite
feuille »), articulée sur un rachis et dépourvue de
bourgeon axillaire ; l’ensemble des folioles et du rachis forme une feuille
composée.","https://aidealareussite.uclouvain.be/pluginfile.php/14796/mod_glossary/entry/603/Foliole.jpg"
"follicule","(un) -  fruit sec déhiscent, provenant d’un seul
carpelle généralement à plusieurs graines et s’ouvrant par une seule fente
longitudinale","https://aidealareussite.uclouvain.be/pluginfile.php/14796/mod_glossary/entry/604/follicule.gif"
"frangé","se dit d’un organe dont la marge est pourvue de
découpures profondes, fines, régulières et serrées les unes contre
les autres.","https://aidealareussite.uclouvain.be/pluginfile.php/14796/mod_glossary/entry/605/Frange.jpg"
"frênaie","(une) - forêt dominée par les frênes.",NA
"fronde","(une) - « feuille » des Ptéridophytes portant les
sporanges, le plus souvent à la face inférieure.",NA
"fructifère","se dit d’un organe qui porte un ou plusieurs
fruits (ex. tige
fructifère).",NA
"fruit","(un) -  organe contenant les graines, provenant de la
transformation d’un ou plusieurs ovaires après la fécondation.",NA
"fusiforme","en
forme de fuseau, c-à-d renflé au milieu et effilé aux deux extrémités.",NA
"gaine","(une) - portion inférieure élargie du pétiole d’une
feuille, entourant plus ou moins étroitement la tige au niveau du nœud ; chez beaucoup de Monocotylédones, c’est le limbe foliaire qui
forme une gaine sur une grande longueur de l’entrenoeud.","https://aidealareussite.uclouvain.be/pluginfile.php/14796/mod_glossary/entry/611/Gaine.jpg"
"genouillé","se dit d’un organe brusquement plié en forme de
genou (ex. arête genouillée).","https://aidealareussite.uclouvain.be/pluginfile.php/14796/mod_glossary/entry/612/Genouille.jpg"
"géophyte","(une) - forme biologique des plantes dont les organes
pérennes passent la saison défavorable dans le sol ; les
géophytes à bulbe sont pourvues d’un bulbe ou d’un ou plusieurs
tubercules souterrains; les géophytes
rhizomateux possèdent un rhizome.",NA
"glabre","se dit d’un organe complètement dépourvu de
poils.",NA
"glabrescent","se dit d’un organe qui devient glabre avec
l’âge.",NA
"glande","(une) -  petit organe uni- ou pluricellulaire sécrétant
une substance chimique spécifique (ex. essence, résine, nectar), situé sur divers
organes (ex. tige, feuille, pétale).",NA
"glanduleuse","se dit d’un organe muni de glandes.",NA
"glanduleux","se dit d’un organe muni de glandes.",NA
"glauque","se
dit d’un organe qui présente une teinte vert bleuâtre.",NA
"glauquescent","se dit d’un organe qui présente avec l’âge une
teinte vert bleuâtre.",NA
"globuleuse","se dit d’un organe à peu près rond ou
sphérique.",NA
"globuleux","se dit d’un organe à peu près rond ou
sphérique.",NA
"glomérule","(un) - groupe de fleurs subsessiles étroitement
rapprochées.","https://aidealareussite.uclouvain.be/pluginfile.php/14796/mod_glossary/entry/623/Glomerule.jpg"
"glume","(une) -  chez les Poacées, chacune des deux bractées
insérées à la base de l’axe de chaque épillet.","https://aidealareussite.uclouvain.be/pluginfile.php/14796/mod_glossary/entry/624/glume.jpg"
"glumelle","(une) -  chez les Poacées, chacune des deux bractées
insérées à la base du pédicelle de chaque fleur au sein de
l’épillet ; la glumelle inférieure est appelée « lemme » et la supérieure « paléole ».","https://aidealareussite.uclouvain.be/pluginfile.php/14796/mod_glossary/entry/625/Glumelle.jpg"
"glutineuse","se
dit d’un organe gluant, visqueux",NA
"glutineux","se
dit d’un organe gluant, visqueux",NA
"gorge","(une) - partie supérieure du tube de la corolle, chez
une fleur à pétales soudés entre eux.","https://aidealareussite.uclouvain.be/pluginfile.php/14796/mod_glossary/entry/628/Gorge.jpg"
"gousse","(une) -  fruit sec déhiscent des Fabacées, provenant
d’un seul carpelle, généralement à graines nombreuses, s’ouvrant par deux
fentes longitudinales (rem. la « gousse » d’ail est une appellation erronée).","https://aidealareussite.uclouvain.be/pluginfile.php/14796/mod_glossary/entry/629/Gousse.jpg"
"graine","(une) - chez
les Spermatophytes, ovule fécondé et renfermant l’embryon.",NA
"grappe","(une) - inflorescence indéterminée formée d’un axe
allongé portant, à des niveaux différents, des fleurs plus ou
moins longuement pédicellées (syn. racème).","https://aidealareussite.uclouvain.be/pluginfile.php/14796/mod_glossary/entry/631/Grappe.jpg"
"grêle","se dit d’un organe fin et fragile (ex. tige grêle).",NA
"grimpante","qualifie une plante dont la tige s’élève en
prenant appui sur son support, grâce à des crampons et à des vrilles",NA
"gynécée","(un) - ensemble des organes femelles d’une fleur,
c-à-d des carpelles, chacun constitué d’un ovaire, d’un style et
d’un stigmate.",NA
"gynostème","(un) - chez les Orchidacées, pièce florale en forme de
colonne, provenant de la soudure de l’androcée et du
style, les thèques de l’unique étamine fertile occupant le sommet de
cette colonne.","https://aidealareussite.uclouvain.be/pluginfile.php/14796/mod_glossary/entry/635/Gynosteme.jpg"
"halophile","se dit d’une plante croissant de préférence
dans un milieu riche en sel.",NA
"hampe","(une) -  axe dépourvu de feuilles et portant à son
sommet une fleur ou une inflorescence.",NA
"hasté","en forme de fer de hallebarde, c-à-d pourvu(e)
à la base de deux lobes étalés (ex. feuille hastée).","https://aidealareussite.uclouvain.be/pluginfile.php/14796/mod_glossary/entry/638/Haste.jpg"
"hélicoïde","se dit d’une cyme unipare, chaque axe
secondaire est formé alternativement à gauche et à droite (hélicoïde).",NA
"héliophile","se dit d’une plante croissant de préférence en
pleine lumière (ant. sciaphile).",NA
"hélophyte","(un) -  forme biologique des plantes croissant
enracinées dans la vase, à partie inférieure submergée avec les
bourgeons d’hiver, à partie supérieure aérienne",NA
"hémicryptophyte","(un) -  forme biologique des plantes dont les bourgeons persistant durant l’hiver sont situés au niveau
du sol",NA
"hémiparasite","se dit d’une plante chlorophyllienne se fixant
sur une plante hôte pour y puiser un complément de sève
minérale nécessaire à son développement",NA
"herbacé","se dit d’une plante ayant une consistance
souple, par opposition à ligneux.",NA
"hérissé","se dit d’un organe couvert de poils raides,
généralement droits.",NA
"hermaphrodite","se dit d’une fleur munie à la fois d’un
androcée et d’un gynécée, par opposition aux fleurs unisexuées.",NA
"hétérostachyé","se dit d’une inflorescence chez les Carex où les épis comprennent soit des fleurs femelles, soit des fleurs mâles
; les épis mâles sont généralement au sommet et les épis femelles situés
plus bas sur la plante.",NA
"hétérostylie","(une) -  présence, au sein d’une même espèce, de fleurs
à styles de longueurs différentes",NA
"hêtraie","(une) - forêt dominée par les hêtres.",NA
"hispide","se
dit d’organe garni de poils raides et presque dressé","https://aidealareussite.uclouvain.be/pluginfile.php/14796/mod_glossary/entry/650/Hispide.jpg"
"holoparasite","(un) - végétal non chlorophyllien, dépendant
obligatoirement d’une plante hôte pour y puiser grâce à des
suçoirs, les substances nutritives nécessaires à sa croissance",NA
"homostachyé","se dit d’une inflorescence chez les Carex où les épis comprennent à la fois des fleurs femelles et des fleurs
mâles.",NA
"hyalin","se dit d’un organe ou un tissu translucide.",NA
"hybride","(un) -  plante dont les deux parents appartiennent à
des espèces ou parfois à des sous-espèces différentes,
relevant habituellement du même genre, plus rarement de deux genres voisins",NA
"hypanthium","(un) -  chez les Rosacées, réceptacle floral élargi,
plan, concave ou convexe.",NA
"hypochile","(un) - partie proximale du labelle de certaines
Orchidacées, la partie distale étant l’épichile.",NA
"imbriqué","se dit d’organes se recouvrant partiellement
comme les tuiles d’un toit (ex. écailles imbriquées).",NA
"imparipennée","se dit d’une feuille composée-pennée à rachis
terminé par une foliole, le nombre de folioles est donc
impair","https://aidealareussite.uclouvain.be/pluginfile.php/14796/mod_glossary/entry/658/Imparipenne.jpg"
"incisé","se dit d’un organe présentant sur ses marges de
profondes découpures, le plus souvent inégales.","https://aidealareussite.uclouvain.be/pluginfile.php/14796/mod_glossary/entry/659/Incise.jpg"
"indéhiscent","se dit d’un fruit ne s’ouvrant pas spontanément
à maturité (ex. akènes, caryopses, la plupart des fruits
charnus ;
ant. déhiscent).",NA
"indigène","se dit d’une espèce qui a colonisé ou a évolué
dans un territoire de manière naturelle, sans intervention humaine
(syn. autochtone).",NA
"indusie","(une) -  chez les Ptéridophytes, organe formé par un
repli de l’épiderme protégeant un groupe de sporanges.","https://aidealareussite.uclouvain.be/pluginfile.php/14796/mod_glossary/entry/662/Indusie%20%281%29.jpg"
"infère","se dit d’un ovaire situé sous le point
d’insertion du périanthe (ant. supère ; attention, chez les Rosacées, l’ovaire est
bien supère malgré la concavité du réceptacle).","https://aidealareussite.uclouvain.be/pluginfile.php/14796/mod_glossary/entry/663/Infere.jpg"
"inflorescence","(une) - ensemble de fleurs et de bractées non séparées
par de vraies feuilles.",NA
"involucelle","(un) - (i) chez les Apiacées, ensemble de bractées
insérées à la base d’une ombellule ; (ii) chez les
Astéracées, verticille de bractées plus petites que celles de l’involucre et situées à
l’extérieur de celui-ci.","https://aidealareussite.uclouvain.be/pluginfile.php/14796/mod_glossary/entry/665/Involucelle.jpg"
"involucre","(un) - ensemble de bractées insérées, souvent en
verticille, à la base d’une ombelle, d’un capitule ou d’une
fleur solitaire.","https://aidealareussite.uclouvain.be/pluginfile.php/14796/mod_glossary/entry/666/Involucre.jpg"
"labelle","(un) -  tépale antérieur médian de la fleur des
Orchidacées, généralement plus grand que les autres et différant aussi, le cas
échéant, quant à sa forme et à sa coloration ; ce tépale modifié est
dirigé vers le bas par suite de la torsion de 180°de l’ovaire (syn. lèvre).","https://aidealareussite.uclouvain.be/pluginfile.php/14796/mod_glossary/entry/667/Labelle.jpg"
"laineuse","se dit d’un tomentum abondant, formé de longs
poils très emmêlés (ressemblant à de la laine).",NA
"laineux","se dit d’un tomentum abondant, formé de longs
poils très emmêlés (ressemblant à de la laine).",NA
"lancéolé","se dit d’un organe en forme de fer de lance,
c-à-d 3 à 4 fois plus long que large et se rétrécissant
progressivement vers les extrémités qui peuvent être aigües.","https://aidealareussite.uclouvain.be/pluginfile.php/14796/mod_glossary/entry/670/Lanceole.jpg"
"latex","(un) - liquide visqueux, souvent laiteux, sécrété par
certaines plantes mais ne se manifestant que lorsqu’on brise
l’organe qui le produit",NA
"lemme","(une) - glumelle inférieure dans l’épillet des Poacées.","https://aidealareussite.uclouvain.be/pluginfile.php/14796/mod_glossary/entry/672/Lemme.jpg"
"lenticelle","(une) -  petite saillie se trouvant le plus souvent sur
l’écorce jeune des plantes ligneuses, parfois sur d’autres
organes, tels que les fruits, permettant la circulation de l’air.",NA
"lèvre","(une) - portion du calice ou de la corolle de certaines
fleurs à symétrie bilatérale comprenant deux ou plusieurs pièces soudées et formant un
ou plusieurs lobes.","https://aidealareussite.uclouvain.be/pluginfile.php/14796/mod_glossary/entry/674/Levre.jpg"
"liane","(une) - plante ligneuse grimpante à longues tiges
flexibles prenant appui sur divers supports",NA
"libre","se dit d’un organe qui n’est pas soudé à un
autre organe de même nature.",NA
"liégeuse","se dit d’un organe pourvu de liège, c-à-d d’un tissu protecteur secondaire, constitué de cellules mortes remplies d’air, donnant une certaine épaisseur à l’organe qu’il recouvre.",NA
"liégeux","se dit d’un organe pourvu de liège, c-à-d d’un
tissu protecteur secondaire, constitué de cellules mortes
remplies d’air, donnant une certaine épaisseur à l’organe qu’il recouvre.",NA
"ligneuse","qui a l’aspect et la consistance du bois, c-à-d constitué majoritairement de lignine (ant. herbacé).",NA
"ligneux","qui a l’aspect et la consistance du bois, c-à-d
constitué majoritairement de lignine (ant. herbacé).",NA
"ligule","(une) - i) chez les Poacées et certaines Cypéracées,
petite languette membraneuse apparaissant à la limite de la
gaine foliaire et du limbe, à l’intérieur de celui-ci ; (ii) chez les
Astéracées, pétale prolongeant unilatéralement le tube de la corolle des fleurs à symétrie bilatérale.","https://aidealareussite.uclouvain.be/pluginfile.php/14796/mod_glossary/entry/681/ligule1.gif"
"ligulée","se dit d’une fleur dont le tube de la corolle
se prolonge en une ligule",NA
"limbe","(un) - partie
élargie, plate et étalée des feuilles ou des pétales.","https://aidealareussite.uclouvain.be/pluginfile.php/14796/mod_glossary/entry/683/Limbe.jpg"
"linéaire","se
dit d’un organe long et très étroit, à bords plus ou mois parallèles.","https://aidealareussite.uclouvain.be/pluginfile.php/14796/mod_glossary/entry/684/Lineaire.jpg"
"lobe","(un) - division d’une feuille ou d’un autre organe
plan, en principe lorsque l’échancrure n’atteint pas le milieu de chaque
moitié du limbe.",NA
"lobée","se dit d’un organe découpé par des échancrures
arrondies et peu profondes, n’atteignant pas le milieu du limbe","https://aidealareussite.uclouvain.be/pluginfile.php/14796/mod_glossary/entry/686/Lob%C3%A9.jpg"
"loge","(une) -  (i) cavité de l’ovaire délimitée par la paroi
d’un carpelle unique ou par les parois de plusieurs carpelles soudés
entre eux ; (ii) cavité d’une thèque, résultant de la fusion des deux
sacs polliniques avant la libération des grains de pollen.",NA
"lyré","se dit d’un organe découpé en segments dont le
terminal est beaucoup plus grand que les latéraux.",NA
"mâle","se dit d’une fleur avec un androcée et
dépourvue de gynécée fonctionnel (ant. femelle).",NA
"médifixe","se
dit d’un organe fixé par sa partie médiane.","https://aidealareussite.uclouvain.be/pluginfile.php/14796/mod_glossary/entry/690/Medifixe.jpg"
"membraneuse","mince et transparent comme une membrane.",NA
"membraneux","mince et transparent comme une membrane.",NA
"mésophile","se dit d’une plante d’une communauté végétale
croissant de préférence sur un substrat présentant un degré moyen
d’humidité, c-à-d ni trop sec, ni trop humide.",NA
"mésotrophe","se dit d’un milieu moyennement riche en
éléments nutritifs assimilables.",NA
"moder","(un) - type d’humus forestier mésotrophe, à litière
moyennement épaisse.",NA
"monoïque","se dit d’une plante possédant des fleurs
unisexuées mâles et femelles apparaissant sur un même individu, mais généralement à
des niveaux différents",NA
"mor","(un) - type d’humus forestier oligotrophe, inactif,
très acide, à litière très épaisse.",NA
"mucron","(un) - pointe raide très courte terminant un organe.","https://aidealareussite.uclouvain.be/pluginfile.php/14796/mod_glossary/entry/699/Mucron.jpg"
"mull","(un) -  type d’humus forestier actif, alcalin à
légèrement acide, eutrophe à légèrement mésotrophe, caractérisé par une
discontinuité brutale entre la litière de faible épaisseur et les horizons
minéraux sous-jacents.",NA
"naturalisé","se dit d’une espèce originaire d’une autre
région que le territoire étudié et qui s’est répandue ensuite
naturellement au point d’être intégrée à la flore indigène. On considère que
les espèces introduites naturalisées sur une période de 100 ans sont
devenues indigènes.",NA
"nectaire","(un) - organe essentiellement floral (mais aussi sur
bourgeon, feuille ou pétiole) glanduleux sécrétant et excrétant
le nectar, liquide sucré attirant les pollinisateurs",NA
"nervation","(une) - disposition des nervures dans le limbe
foliaire.","https://aidealareussite.uclouvain.be/pluginfile.php/14796/mod_glossary/entry/703/Nervuration.jpg"
"nitrophile","se dit d’une espèce croissant
préférentiellement sur un substrat riche en composés azotés.",NA
"noyau","(un) - partie centrale des drupes et drupéoles,
constituée de l’endocarpe sclérifié qui entoure la graine.",NA
"nœud","(un) - partie, parfois renflée, d’un axe au niveau
duquel s’insère(nt) une ou plusieurs feuilles.",NA
"ob-","préfixe signifiant « à l’envers » (ex. obovale, qualifie un limbe
foliaire ovale mais dont la plus grande largeur est au-dessus
du milieu).",NA
"oblong","(une) - nettement plus long que large, à côtés plus ou
moins parallèles.",NA
"obtus","se dit d’un organe à sommet non aigu, plutôt
arrondi.","https://aidealareussite.uclouvain.be/pluginfile.php/14796/mod_glossary/entry/709/Obtus.jpg"
"ochréa","(un) -  chez les Polygonacées, gaine membraneuse
entourant la tige au-dessus de chaque nœud, au niveau de
l’insertion des feuilles et provenant de la soudure des stipules.","https://aidealareussite.uclouvain.be/pluginfile.php/14796/mod_glossary/entry/710/Ochrea.jpg"
"oligotrophe","se
dit d’un milieu pauvre en nutriments assimilables.",NA
"ombelle","(une) -  inflorescence dont les fleurs sont portées par
des pédicelles de même longueur insérés soit au sommet de la
tige principale (ombelle simple), soit au sommet de rayons égaux
prolongeant le pédoncule floral (ombelle composée)","https://aidealareussite.uclouvain.be/pluginfile.php/14796/mod_glossary/entry/712/Ombelle.jpg"
"ombellule","(une) -  ombelle secondaire portée par l’un des rayons
d’une ombelle composée.","https://aidealareussite.uclouvain.be/pluginfile.php/14796/mod_glossary/entry/713/ombellule.gif"
"ondulé","se dit d’un organe présentant des ondulations
ou des sinuosités.",NA
"onglet","(un) - partie
inférieure rétrécie d’un pétale.","https://aidealareussite.uclouvain.be/pluginfile.php/14796/mod_glossary/entry/715/Onglet.jpg"
"opposé","se dit d’organes insérés au même niveau d’un axe
l’un en face de l’autre (ex. des feuilles opposées).","https://aidealareussite.uclouvain.be/pluginfile.php/14796/mod_glossary/entry/716/Oppose.jpg"
"orbiculaire","se dit d’un organe en forme de cercle.","https://aidealareussite.uclouvain.be/pluginfile.php/14796/mod_glossary/entry/717/Orbiculaire.jpg"
"oreillette","(une) -  expansion de la base du limbe au-delà et de
part et d’autre du point d’insertion d’une feuille embrassante","https://aidealareussite.uclouvain.be/pluginfile.php/14796/mod_glossary/entry/718/Oreillette.jpg"
"ovaire","(un) - partie inférieure généralement renflée du gynécée (ou
de chaque carpelle lorsque le gynécée est formé de carpelles
libres) creusée d’une ou de plusieurs cavités closes contenant un ou
plusieurs ovules.",NA
"ovale","se dit d’une feuille dont la forme correspond à
celle d’un œuf en coupe longitudinale et dont la plus grande largeur
est donc située du côté du point d’insertion.","https://aidealareussite.uclouvain.be/pluginfile.php/14796/mod_glossary/entry/720/Ovale.jpg"
"ovoïde","se dit d’un organe ayant la forme d’un œuf.",NA
"ovule","(un) - organe naissant du placenta à l’intérieur de
l’ovaire, abritant l’embryon après fécondation et évoluant en graine à
maturité.",NA
"paillette","(une) - petite écaille membraneuse plus ou moins
translucide, insérée entre les fleurs sur le réceptacle de
l’inflorescence de certaines Astéracées et Dipsacacées.",NA
"paléole","(une) - glumelle
supérieure dans l’épillet des Poacées.","https://aidealareussite.uclouvain.be/pluginfile.php/14796/mod_glossary/entry/724/Paleole.jpg"
"palmatifide","se dit d’une feuille simple à nervation palmée
et découpée de sorte que les divisions principales («
découpures » ou « sinus ») atteignent environ la moitié de la longueur du limbe.","https://aidealareussite.uclouvain.be/pluginfile.php/14796/mod_glossary/entry/725/Palmatifide.jpg"
"palmatilobé","se dit d’une feuille simple à nervation palmée
et découpée en lobes arrondis.","https://aidealareussite.uclouvain.be/pluginfile.php/14796/mod_glossary/entry/726/Palmatilobe.jpg"
"palmatipartite","se dit d’une feuille simple à nervation palmée
et découpée de sorte que les divisions principales («
découpures » ou « sinus » pour être exact) atteignent environ la moitié de la
longueur du limbe ou la dépassent légèrement.","https://aidealareussite.uclouvain.be/pluginfile.php/14796/mod_glossary/entry/727/Palmatipartite.jpg"
"palmatiséqué","se dit d’une feuille simple à nervation palmée
et découpée de sorte que les divisions principales («
découpures » ou « sinus ») dépassent largement la moitié de la longueur du
limbe ; les segments foliaires sont alors à peine soudés entre eux à la base
et paraissent, dans certains cas, complètement distincts (attention de ne pas
confondre une feuille simple palmatiséquée et une feuille
composée : les segments d’une feuille palmatiséquée sont distincts mais pas
articulés séparément comme les folioles d’une feuille composée).","https://aidealareussite.uclouvain.be/pluginfile.php/14796/mod_glossary/entry/728/Palmatisequee.jpg"
"palmée","a) se dit de la nervation d’une feuille dont le
limbe foliaire présente des nervures primaires (généralement  4 - 5) divergentes
à partir du sommet du pétiole, c-à-d disposées en éventail; b) se
dit aussi d’une feuille composée de folioles disposées comme les doigts d’une
main.","https://aidealareussite.uclouvain.be/pluginfile.php/14796/mod_glossary/entry/729/Palm%C3%A9e.jpg"
"panicule","(une) - inflorescence composée, constituée d’un axe
allongé sur lequel sont insérées des inflorescences simples à
fleurs pédicellées ; une panicule peut donc être une grappe de grappes,
une grappe de cymes.","https://aidealareussite.uclouvain.be/pluginfile.php/14796/mod_glossary/entry/730/Panicule.jpg"
"papilionacée","se dit de la corolle des Fabacées, composée de
5 pétales inégaux et pour la plupart libres entre eux, 1
étendard, 2 ailes et 1 carène formée de 2 pétales plus ou moins longuement
soudés.",NA
"papille","(une) - protubérance externe d’une cellule ou d’un
groupe de cellules épidermiques caractéristique de certains organes",NA
"papilleux","couvert de papilles.",NA
"pappus","(un) -  chez certaines Astéracées, calice modifié en
une couronne d’arêtes, d’écailles ou de poils (soies)
surmontant l’ovaire ; dans ce dernier cas, le pappus est accrescent et deviendra une
aigrette surmontant l’akène à maturité.","https://aidealareussite.uclouvain.be/pluginfile.php/14796/mod_glossary/entry/734/Pappus.jpg"
"paracorolle","(une) - ensemble des appendices, éventuellement soudés
entre eux, insérés à la face interne de la corolle ou
du périgone et présentant parfois la forme d’un cylindre ou d’une cloche",NA
"parallèle","se dit d’une nervation dont les nervures,
parallèles entre elles, ont pratiquement toutes la même importance.",NA
"paripennée","se dit d’une feuille composée-pennée à rachis
terminé par un mucron ou par une vrille, ne possédant pas de
foliole terminale, le nombre de folioles est donc pair.","https://aidealareussite.uclouvain.be/pluginfile.php/14796/mod_glossary/entry/737/Paripenne.jpg"
"parthénocarpique","se dit d’une plante
capable de produire des fruits sans qu’il n’y ait eu fécondation des ovules; les
fruits ainsi produits ne contiennent pas de graines.",NA
"pectiné","se dit d’un organe présentant des divisions
étroites et opposées sur deux rangs, comme les dents d’un peigne.",NA
"pédalée","se dit d’une nervation d’une feuille où 3
nervures rayonnent à partir du même point et sur les 2 nervures latérales
se développent des ramifications toujours orientées vers le bas.",NA
"pédicelle","(un) -  petit axe d’une inflorescence portant une seule
fleur à son sommet.",NA
"pédicellée","se
dit d’une fleur pourvue d’un pédicelle.",NA
"pédoncule","(un) -  axe d’une inflorescence subdivisé en
pédicelles, ou axe d’une fleur solitaire axillaire.",NA
"pédonculée","se
dit d’une inflorescence ou d’une fleur pourvue d’un pédoncule.",NA
"pelté","se dit d’un organe orbiculaire fixé
approximativement par le centre","https://aidealareussite.uclouvain.be/pluginfile.php/14796/mod_glossary/entry/745/Pelte.jpg"
"pennatifide","se dit d’une feuille simple à nervation pennée
et découpée de sorte que les divisions principales («
découpures » ou « sinus ») atteignent environ la moitié de la largeur de
chaque demi-limbe.","https://aidealareussite.uclouvain.be/pluginfile.php/14796/mod_glossary/entry/746/Pennatifide.jpg"
"pennatilobée","se dit d’une feuille simple dont le limbe est à
nervation pennée et lobée de sorte que les lobes n’atteignent
pas la moitié de la largeur de chaque demi-limbe.","https://aidealareussite.uclouvain.be/pluginfile.php/14796/mod_glossary/entry/747/Pennatilobe.jpg"
"pennatipartite","se dit d’une feuille simple à nervation pennée
et découpée de sorte que les divisions principales («
découpures » ou « sinus ») atteignent ou dépassent légèrement la moitié de la largeur
de chaque demi-limbe.","https://aidealareussite.uclouvain.be/pluginfile.php/14796/mod_glossary/entry/748/Pennatipartite.jpg"
"pennatiséquée","se dit d’une feuille simple à nervation pennée
et découpée de sorte que les divisions principales («
découpures » ou « sinus ») dépassent largement la moitié de la largeur de chaque
demi-limbe, voire atteignent la nervure centrale ; les segments
foliaires peuvent être à peine soudés entre eux à la base, au niveau de
la nervure principale et paraissent, dans certains cas, complètement
distincts (attention
de ne pas confondre une feuille simple pennatiséquée
et une feuille composée : pour rappel, les segments d’une feuille
pennatiséquée sont distincts mais pas articulés séparément sur l’axe principal comme
les folioles d’une feuille composée).","https://aidealareussite.uclouvain.be/pluginfile.php/14796/mod_glossary/entry/749/Pennatiseque.jpg"
"penne","(une) - chez les Ptéridophytes, segment de premier
ordre d’une fronde composée.","https://aidealareussite.uclouvain.be/pluginfile.php/14796/mod_glossary/entry/750/Penne.jpg"
"pennée","se dit d’une feuille simple ou composée dont
les nervures secondaires ou les folioles sont disposées de chaque côté
de la nervure médiane comme les barbes d’une plume.","https://aidealareussite.uclouvain.be/pluginfile.php/14796/mod_glossary/entry/751/Penn%C3%A9e.jpg"
"pépin","(un) graine
d’une baie",NA
"pérenne","se
dit d’une plante qui peut vivre durant plusieurs années (syn. vivace).",NA
"perfoliée","se dit d’une feuille sessile embrassant la tige
et paraissant traversée par celle-ci.","https://aidealareussite.uclouvain.be/pluginfile.php/14796/mod_glossary/entry/754/Perfolie.jpg"
"périanthe","(un) ensemble des pièces florales (calice et
corolle) qui entourent l’androcée et/ou le gynécée.",NA
"péricarpe","(un) paroi du fruit.",NA
"périgone","(un) - enveloppe florale comprenant des pièces toutes
semblables, appelées tépales, sans distinction de pétales
et sépales",NA
"persistant","se dit d’un organe restant en place au-delà du
terme de la période de végétation (calice, stipules...) ;
dans le cas de feuilles, désigne un feuillage « toujours vert », c-à-d un
feuillage se renouvelant de façon échelonnée tout au long de l’année.",NA
"pétale","(un) - pièce du verticille interne du périanthe,
élément de base de la corolle, généralement vivement coloré.",NA
"pétaloïde","se dit d’organe (généralement tépale) ressemblant à un
pétale, vivement coloré.",NA
"pétiole","(un) - partie
inférieure d’une feuille reliant le limbe à la tige.","https://aidealareussite.uclouvain.be/pluginfile.php/14796/mod_glossary/entry/761/Petiole.jpg"
"pétiolule","(un) - petit pétiole portant le limbe d’une foliole
chez les Spermatophytes ou d’une pinnule chez les Ptéridophytes.","https://aidealareussite.uclouvain.be/pluginfile.php/14796/mod_glossary/entry/762/Petiolule.jpg"
"pétiolulée","se
dit d’un organe pourvu d’un pétiolule.",NA
"phanérophyte","(un) - forme biologique des plantes dont les bourgeons
persistant durant l’hiver sont portés à plus de 50 cm de
hauteur.",NA
"pilosité","(une) - manière dont un organe est couvert de poils.",NA
"pinnule","(une) - chez les Ptéridophytes,
subdivision d’une penne ou division secondaire.",NA
"pionnier","se dit d’une plante ou d’une végétation qui
s’installe sur un substrat nu (rochers, éboulis, terrains
défrichés ou incendiés).",NA
"pionnière","se dit d’une plante ou d’une végétation qui
s’installe sur un substrat nu (rochers, éboulis, terrains
défrichés ou incendiés).",NA
"pistil","(un) - synonyme de gynécée.",NA
"pivotante","se dit d’une racine principale, bien plus
développée que les radicelles, s’enfonçant verticalement dans le sol.",NA
"plumeuse","se dit d’un organe muni de poils fins disposés
comme les barbes d’une plume.","https://aidealareussite.uclouvain.be/pluginfile.php/14796/mod_glossary/entry/772/Plumeux.jpg"
"plumeux","se dit d’un organe muni de poils fins disposés
comme les barbes d’une plume.","https://aidealareussite.uclouvain.be/pluginfile.php/14796/mod_glossary/entry/771/Plumeux.jpg"
"poilu","se
dit d’un organe garni de poils plus ou moins allongés.",NA
"pollen","terme collectif désignant l’ensemble des
corpuscules microscopiques (« grains » de pollen) formés dans les anthères
et assurant la fonction de gamète mâle dans le cycle de reproduction
des Spermatophytes.",NA
"pollinie","(une) -  chez les Orchidacées, masse de pollen aggloméré
qui peut être transportée en bloc par les insectes.",NA
"pollinisation","(une) -   transport du pollen depuis les anthères sur le
stigmate d’une fleur chez les Angiospermes, d’un cône
mâle à un cône femelle chez les Gymnospermes.",NA
"proximal","se dit d’un organe proche de la base ou du lieu
d’insertion d’un autre organe (ant. distal, syn. basal).",NA
"pruineuse","se dit d’un organe couvert d’un revêtement d’apparence farineuse s’enlevant facilement au toucher (ex. ce qui recouvre certains fruits comme les prunes, les raisins).",NA
"pruineux","se dit d’un organe couvert d’un revêtement
d’apparence farineuse s’enlevant facilement au toucher (ex. ce qui recouvre certains
fruits comme les prunes, les raisins).",NA
"pubescent","se dit d’un organe couvert de poils courts et
souples formant un fin duvet.",NA
"pyriforme","se dit
d’un organe en forme de poire",NA
"pyxide","(une) - fruit sec (capsule) déhiscent par une fente
transversale circulaire délimitant deux parties, la supérieure
(opercule) s’enlevant comme un couvercle.","https://aidealareussite.uclouvain.be/pluginfile.php/14796/mod_glossary/entry/782/Pyxide.jpg"
"rachis","(un) -  chez les Angiospermes, axe principal portant les
folioles et paraissant prolonger le pétiole sur une feuille
composée-pennée ; chez les Ptéridophytes, axe portant les pennes.","https://aidealareussite.uclouvain.be/pluginfile.php/14796/mod_glossary/entry/783/Rachis.jpg"
"racine","(une) -  organe souterrain de la plante assurant
l’ancrage dans le sol et la nutrition du végétal (absorption d’eau et de
sels minéraux grâce à des poils absorbants).",NA
"radiaire","caractérise la structure d’un organe comportant
au moins deux plans de sym. (ant. bilatérale).",NA
"radicant","se dit d’un organe produisant des racines
adventives.",NA
"rampant","se dit d’une plante ou d’un organe qui croit
horizontalement sur le substrat.",NA
"rayon(un) -","axe
portant une ombellule dans une ombelle composée.","https://aidealareussite.uclouvain.be/pluginfile.php/14796/mod_glossary/entry/788/Rayon.jpg"
"réceptacle","(ii) partie élargie du pédoncule portant les fleurs d’un
capitule (Astéracées).","https://aidealareussite.uclouvain.be/pluginfile.php/14796/mod_glossary/entry/789/Receptacle.jpg"
"réfléchi","se dit d’un organe recourbé vers le bas
d’environ 180°par rapport à la direction initiale.",NA
"réfracté","se dit d’un organe, un pédicelle notamment,
dirigé vers le bas.",NA
"rejet","(un) - pousse végétative apparaissant à la base d’une
tige ou sur une souche.",NA
"renflé","se dit d’un organe épaissi, élargi.",NA
"réniforme","se dit d’un organe en forme de rein","https://aidealareussite.uclouvain.be/pluginfile.php/14796/mod_glossary/entry/794/Reniforme.jpg"
"réticulée","se dit d’une nervation dont tous les éléments
sont d’importance à peu près égale et forment un réseau serré.",NA
"rhizome","(un) - tige souterraine portant des feuilles
écailleuses, des racines adventives et émettant des pousses aériennes.","https://aidealareussite.uclouvain.be/pluginfile.php/14796/mod_glossary/entry/796/Rhizome.jpg"
"rhomboïdal","se dit d’un organe en forme de losange","https://aidealareussite.uclouvain.be/pluginfile.php/14796/mod_glossary/entry/797/Rhomboidal.jpg"
"rosette","(une) - groupe de feuilles basilaires étalées sur le
sol et insérées au niveau du collet.","https://aidealareussite.uclouvain.be/pluginfile.php/14796/mod_glossary/entry/798/rosette.jpg"
"rostellum","",NA
"rudérale","se dit d’une espèce ou d’une végétation
croissant dans un site ruderalisé.",NA
"rudéralisé","se dit d’un site fortement désorganisé par une
activité humaine (décombres, terrains vagues, bords de chemins,
terrils, ballast des voies ferrées...).",NA
"sac","(un) - excroissance bossue à la base de la corolle","https://aidealareussite.uclouvain.be/pluginfile.php/14796/mod_glossary/entry/802/Sac.jpg"
"sagitté","en forme de fer de flèche","https://aidealareussite.uclouvain.be/pluginfile.php/14796/mod_glossary/entry/803/Sagitte.jpg"
"samare","(une) -  akène muni d’une aile membraneuse ; disamare :
2 akènes pourvus tous deux d’une aile et plus ou moins
longuement soudés entre eux","https://aidealareussite.uclouvain.be/pluginfile.php/14796/mod_glossary/entry/804/Samare.jpg"
"saprophyte","plante dépourvue de chlorophylle, vivant aux
dépens de matière organique en décomposition.",NA
"saulaie","(une) - peuplement de saules (syn. saussaie).",NA
"scabre","se
dit d’organe rude au toucher.",NA
"scarieuse","se dit d’un organe de structure membraneuse,
souvent translucide ou transparent.",NA
"scarieux","se dit d’un organe de structure membraneuse,
souvent translucide ou transparent.",NA
"schizocarpe","(un) - fruit sec déhiscent, provenant de carpelles
soudés et se séparant à maturité en plusieurs parties.",NA
"sciaphile","se
dit d’une espèce tolérant un ombrage important (ant. héliophile).",NA
"scorpioïde","se dit d’une cyme unipare, chaque axe
secondaire est formé dans le même sens, ce qui donne une forme de crosse
ou de queue de scorpion.","https://aidealareussite.uclouvain.be/pluginfile.php/14796/mod_glossary/entry/812/Scorpioide.jpg"
"segment","(un) -  division d’un limbe foliaire profondément
découpé ; dans un limbe plusieurs fois penné, on donne le nom de
segments foliaires aux dernières subdivisions reconnaissables.",NA
"semi-infère","se dit d’un ovaire dont seule la moitié
inférieure est enfoncée dans le réceptacle et y adhère.","https://aidealareussite.uclouvain.be/pluginfile.php/14796/mod_glossary/entry/814/SemiInfere.jpg"
"sépale","(un) - pièce
du verticille externe du périanthe, élément du calice.","https://aidealareussite.uclouvain.be/pluginfile.php/14796/mod_glossary/entry/815/s%C3%A9pale.jpg"
"sépaloïde","se dit d’organe (généralement tépale) verdâtre,
semblable à un sépale.",NA
"sessile","se dit d’un organe dépourvu de pétiole, de
pédicelle ou de pédoncule.","https://aidealareussite.uclouvain.be/pluginfile.php/14796/mod_glossary/entry/817/Sessile.jpg"
"sétacé","se dit d’un organe ayant la consistance d’une
soie de porc.",NA
"silicule","(une) -  silique courte, tout au plus 3 fois aussi
longue que large.","https://aidealareussite.uclouvain.be/pluginfile.php/14796/mod_glossary/entry/819/Silicule.jpg"
"silique","(une) - fruit sec, plus de 3 fois aussi long que large,
s’ouvrant en principe en deux valves séparées par une cloison
membraneuse sur les bords de laquelle sont attachées les graines,
caractéristique des Brassicacées.","https://aidealareussite.uclouvain.be/pluginfile.php/14796/mod_glossary/entry/820/Silique.jpg"
"sillonné","se dit d’un organe creusé de sillons, de raies
longitudinales.",NA
"simple","se dit d’une feuille non subdivisée en
folioles, d’une tige non ramifiée, d’une inflorescence non composée (ant. composé).",NA
"sinué","se dit d’une feuille dont le limbe présente des
échancrures arrondies à peine marquées.","https://aidealareussite.uclouvain.be/pluginfile.php/14796/mod_glossary/entry/823/Sinue.jpg"
"sinus","(un) - échancrure
séparant deux lobes ou deux parties saillantes.",NA
"soie","(une) - poil
long et raide.",NA
"sore","(un) - chez les Ptéridophytes, groupe de sporanges
bien délimité par rapport aux autres.","https://aidealareussite.uclouvain.be/pluginfile.php/14796/mod_glossary/entry/826/Sore2.jpg"
"souche","(une) - partie basale souterraine de la tige de plantes
vivaces.",NA
"sous-arbrisseau","(un) - arbrisseau nain dont la taille est inférieure à
50 cm environ.",NA
"spadice","(un) - inflorescence des Aracées constituée d’un axe
charnu, épais, portant des verticilles de fleurs sessiles
(femelles, mâles et stériles à des niveaux différents) et entourée par une spathe.","https://aidealareussite.uclouvain.be/pluginfile.php/14796/mod_glossary/entry/829/Spadice.jpg"
"spathe","(une) - grande bractée membraneuse ou foliacée
entourant complètement une fleur ou une inflorescence avant son
épanouissement",NA
"spatulé","se
dit d’un organe élargi au sommet et atténué vers le bas.",NA
"spatulée","se
dit d’un organe élargi au sommet et atténué vers le bas.",NA
"spiciforme","se
dit d’une inflorescence dont la forme rappelle celle de l’épi.",NA
"spiralée","se dit d’une fleur dont les pièces ne sont pas
groupées en verticilles concentriques mais insérées à des niveaux
différents du réceptacle en des points reliés entre eux par une spirale.","https://aidealareussite.uclouvain.be/pluginfile.php/14796/mod_glossary/entry/834/Spirale.jpg"
"spontané","se dit d’une plante qui croit à l’état sauvage,
dans le territoire considéré.",NA
"sporange","(un) - chez les Ptéridophytes et les Bryophytes,
organe dans lequel se forment les spores.","https://aidealareussite.uclouvain.be/pluginfile.php/14796/mod_glossary/entry/836/Sporange.jpg"
"spore","(une) - organe de la reproduction asexuée se formant
dans un sporange, chez les Ptéridophytes.",NA
"squamiforme","se dit de feuilles en forme d’écailles,
imbriquées les unes dans les autres.",NA
"staminal","se dit d’un organe qui se rapporte aux étamines
(ex. tube staminal : organe résultant de la soudure latérale des
filets des étamines).",NA
"staminode","(un) - petit organe floral écailleux ou pétaloïde
interprété comme le résultat de l’avortement d’une étamine
et de sa modification.",NA
"station","(une) - site où croit une plante.",NA
"stérile","se dit d’une plante ou d’une fleur qui ne
produit pas de graines, ou encore d’une étamine qui ne produit pas de
pollen (ant. fertile).",NA
"stigmate","(un) - extrémité libre du gynécée (carpelle) ou du
style, portant généralement des papilles, et plus ou moins visqueuse,
disposée à recevoir les grains de pollen lors de la pollinisation.","https://aidealareussite.uclouvain.be/pluginfile.php/14796/mod_glossary/entry/843/Stigmate.jpg"
"stipité","se dit d’un organe surélevé et porté par un
petit pied (ex. gynécéede la fleur de certains saules).","https://aidealareussite.uclouvain.be/pluginfile.php/14796/mod_glossary/entry/844/Stipite.jpg"
"stipule","(une) - appendice foliaire généralement disposé en nombre pair,
le plus souvent de nature foliacée ou membraneuse, situé de
part et d’autre de la tige au niveau de l’insertion de la base du
pétiole (ou du limbe dans le cas de feuilles sessiles).","https://aidealareussite.uclouvain.be/pluginfile.php/14796/mod_glossary/entry/845/Stipule.jpg"
"stipulée","se dit d’un organe pourvu de stipules",NA
"stolon","(un) - tige aérienne rampante, apparaissant souvent
comme un long rejet au départ d’une rosette de feuilles ou du
collet et s’enracinant généralement au niveau des nœuds","https://aidealareussite.uclouvain.be/pluginfile.php/14796/mod_glossary/entry/847/Stolon.jpg"
"stolonifère","se dit d’un organe qui possède des stolons.",NA
"stomate","(un) - couple de cellules épidermiques ménageant entre
elles une petite ouverture (ostiole) surmontant une
cavité interne, l’ensemble contribuant à réguler les échanges gazeux entre
l’atmosphère et le milieu interne de la feuille.","https://aidealareussite.uclouvain.be/pluginfile.php/14796/mod_glossary/entry/849/Stomate.jpg"
"strié","se dit d’un organe marqué de lignes parallèles
entre elles ou creusé de petits sillons parallèles entre eux.",NA
"style","(un) -partie du gynécée prolongeant l’ovaire et
portant le(s) stigmate(s).","https://aidealareussite.uclouvain.be/pluginfile.php/14796/mod_glossary/entry/851/Style.jpg"
"sub-","préfixe signifiant presque",NA
"submergé","se dit d’une plante ou d’un organe croissant
sous la surface de l’eau.",NA
"subsessile","se
dit d’un organe à pétiole ou pédicelle très court",NA
"subspontané","se dit d’une plante cultivée, échappée des jardins,
des parcs ou des champs, ne persistant souvent que peu de
temps dans ses stations ou du moins ne se propageant pas en se mêlant à
la flore indigène.",NA
"subulé","se dit d’un organe qui se termine
insensiblement en pointe aigüe.","https://aidealareussite.uclouvain.be/pluginfile.php/14796/mod_glossary/entry/856/Subule.jpg"
"succulent","se dit d’une plante ou d’un organe gorgé d’eau,
qui donne l’impression d’être charnu, d’être épais.",NA
"supère","se dit d’un ovaire situé au dessus du point
d’insertion des enveloppes florales, libre du réceptacle sauf en son point
d’insertion basilaire (ant. infère).","https://aidealareussite.uclouvain.be/pluginfile.php/14796/mod_glossary/entry/858/Supere.jpg"
"tannin","(un) - substance phénolique, fréquente chez les
plantes, capable de rendre les cuirs imputrescibles.",NA
"taxon","(un) - entité systématique concrète d’un rang
quelconque (variété, espèce, genre, famille, ordre).",NA
"tépale","(un) -pièce florale colorée ou non, constituant
l’unique enveloppe florale, celle-ci n’étant pas différenciée en
calice et corolle.","https://aidealareussite.uclouvain.be/pluginfile.php/14796/mod_glossary/entry/861/tepale.jpg"
"ternée","se dit d’une feuille simple divisée en 3
segments foliaires de dimension subégales.","https://aidealareussite.uclouvain.be/pluginfile.php/14796/mod_glossary/entry/862/Terne.jpg"
"tétradyname","se dit d’une androcée à 6 étamines dont 4
étamines sont plus longues que les 2 autres.",NA
"tétrakène","(un) - fruit sec constitué de 4 akènes plus ou moins
soudés entre eux, se fragmentant à maturité.","https://aidealareussite.uclouvain.be/pluginfile.php/14796/mod_glossary/entry/864/tetrakene.jpg"
"thèque","(une) - partie de l’anthère contenant les sacs
polliniques, chaque étamine comprend généralement 2 thèques.","https://aidealareussite.uclouvain.be/pluginfile.php/14796/mod_glossary/entry/865/Theque.jpg"
"thermophile","se dit d’une plante qui croit de préférence
dans des sites chauds et ensoleillés.",NA
"thérophyte","(un) - forme biologique des plantes dont le cycle de
vie, depuis la germination de la graine jusqu’à la maturation
des graines, dure moins d’un an (syn. annuel).",NA
"tomenteuse","se dit d’un organe couvert de poils longs, souples et entrecroisés, formant un feutrage plus ou moins épais à la surface de l’organe.",NA
"tomenteux","se dit d’un organe couvert de poils longs,
souples et entrecroisés, formant un feutrage plus ou moins épais à la
surface de l’organe.",NA
"tomentum","(un) - pubescence blanche constituée de poils longs,
souples et entrecroisés, formant un feutrage plus ou moins
épais à la surface de l’organe.",NA
"touradon","(un) -  buttes ou mottes arrondies, de 30 cm à 1 m de
haut, formées par des plantes cespiteuses, en milieux très
humides ou inondés, qui se développent sur leurs anciennes racines et
feuilles mortes.",NA
"tourbière","(une) - zone marécageuse, colonisée par la végétation,
dont les conditions écologiques particulières ont permis
la formation d’un sol constitué de matière organique non totalement
décomposée (tourbe).",NA
"traçant","se dit d’une tige ou d’une racine qui s’étale
sur le sol ou se développe horizontalement à faible profondeur.",NA
"trifide","se
dit d’un organe fendu en 3 parties.","https://aidealareussite.uclouvain.be/pluginfile.php/14796/mod_glossary/entry/874/Trifide.jpg"
"trifoliolé","se dit d’une feuille composée à 3 folioles.","https://aidealareussite.uclouvain.be/pluginfile.php/14796/mod_glossary/entry/875/trifoliole.jpg"
"trigone","se dit d’un organe présentant trois angles.","https://aidealareussite.uclouvain.be/pluginfile.php/14796/mod_glossary/entry/876/Trigone.jpg"
"tronqué","se dit d’un organe dont le sommet est comme
coupé par une ligne ou un plan (ex. une feuille tronquée).","https://aidealareussite.uclouvain.be/pluginfile.php/14796/mod_glossary/entry/877/Tronque.jpg"
"tube","(un) -  partie inférieure d’une corolle, d’un calice ou
d’un périgone, formée par la soudure des pétales, des sépales ou des
tépales.","https://aidealareussite.uclouvain.be/pluginfile.php/14796/mod_glossary/entry/878/tube.jpg"
"tubercule","(un) - (i) renflement d’une tige souterraine
emmagasinant des substances de réserve ; (ii) petite excroissance arrondie
(plus grande qu’une papille) caractéristique de certains organes
tels les graines.","https://aidealareussite.uclouvain.be/pluginfile.php/14796/mod_glossary/entry/879/Tubercule.jpg"
"tubulée","se dit d’une fleur composée d’un tube
cylindrique se terminant par 5 lobes ou dents, provenant de 5 pétales soudés.","https://aidealareussite.uclouvain.be/pluginfile.php/14796/mod_glossary/entry/880/Tubule.jpg"
"turion","(un) - jeune pousse naissant sur le rhizome ou sur la
souche des plantes vivaces.",NA
"unilatéral","se dit lorsqu’un ensemble d’organes est situé
ou tourné d’un seul côté.",NA
"unipare","se dit d’une cyme dont chaque ramification
donne un seul axe secondaire, soit toujours dans le même sens (scorpioïde),
soit alternativement à gauche et à droite (hélicoïde).","https://aidealareussite.uclouvain.be/pluginfile.php/14796/mod_glossary/entry/883/Unipare3.jpg"
"unisexuée","se dit d’une fleur ou d’une plante portant les
organes reproducteurs d’un seul sexe, soit un androcée soit un
gynécée.",NA
"urticant","se dit d’une plante ou d’un organe dont le
contact provoque sur la peau une sensation de brûlure.",NA
"utricule","(un) - (i) organe en forme de petit sac entourant
l’ovaire dont seuls les stigmates émergeant par le col sont
visibles (dans le genre Carex) ; (ii) feuille aquatique modifiée, de l’ordre du
millimètre, destinée à la capture de microorganismes, chez le genre Utricularia.","https://aidealareussite.uclouvain.be/pluginfile.php/14796/mod_glossary/entry/886/Utricule.jpg"
"valve","(une) - chacune des parties de la paroi d’un fruit sec
déhiscent.","https://aidealareussite.uclouvain.be/pluginfile.php/14796/mod_glossary/entry/887/Valve.jpg"
"variété","(une) - unité
systématique de rang inférieur à l’espèce.",NA
"velouté","qui a l’aspect du velours, c-à-d couvert de
poils fins et courts, très denses, doux au toucher (ex. chez certaines espèces du
genre Ophrys, le labelle est velouté).",NA
"velu","se dit d’un organe couvert de longs poils
souples entremêlés.",NA
"verticille","(un) - ensemble (plus de 2) d’organes de même nature
insérés en cercle au même niveau autour d’un axe (ex. un verticille de feuilles).","https://aidealareussite.uclouvain.be/pluginfile.php/14796/mod_glossary/entry/891/Verticille.jpg"
"vésicule","(une) - organe renflé comme une petite vessie ; terme
le plus souvent utilisé chez les algues (organe servant de
flotteur).","https://aidealareussite.uclouvain.be/pluginfile.php/14796/mod_glossary/entry/892/Vesicule.jpg"
"vivace","se dit d’une plante dont le cycle vital dure
plus de deux ans (syn. pérenne).",NA
"vivipare","se dit d’une plante ou d’un organe (fleur,
feuille...) sur lequel (ou au sein duquel) apparaissent des bourgeons
végétatifs qui croissent et donnent une plantule pourvue le cas échéant de
racines ; celle-ci peut se détacher et assurer la multiplication
végétative.",NA
"volubile","se dit d’une plante dont la tige s’enroule en
spirale en grimpant autour d’un support.","https://aidealareussite.uclouvain.be/pluginfile.php/14796/mod_glossary/entry/895/Volubile.jpg"
"vrille","(une) - organe modifié (tige, feuille, foliole,
inflorescence), composé d’un ou de plusieurs filaments volubiles
s’accrochant en s’enroulant en spirale autour d’un support.","https://aidealareussite.uclouvain.be/pluginfile.php/14796/mod_glossary/entry/896/Vrille.jpg"
"xérophile","se dit d’une plante ou d’une végétation
croissant de préférence dans des sites secs.",NA
